#case_id,foldx-score
A386C,-8.56
A386E,-11.91
A386I,-14.14
A386L,-10.29
A386M,-10.44
A386Q,-14.79
D30A,-10.27
D30E,-8.89
D30F,-13.63
D30I,-13.24
D30N,-12.57
D30P,-11.96
D30T,-13.95
D30V,-16.14
D355I,-9.88
D355K,-10.72
D355M,-10.43
D355P,-14.43
D38C,-4.68
D38G,-7.99
D38R,-7.08
D38W,-9.45
D38Y,-5.27
E35A,-10.25
E35C,-13.03
E35D,-9.57
E35M,-12.24
E35Q,-13.90
E35V,-15.87
E37C,-14.95
E37F,-10.69
E37G,-15.38
E37I,-13.86
E37K,-11.64
E37L,-11.75
E37M,-11.73
E37R,-12.94
E37T,-9.19
E37V,-13.85
E484K,-10.67
E484Q,-9.39
E484R,-15.08
E484S,-15.31
E484T,-5.73
F28C,-11.73
F28E,-11.69
F28G,-11.10
F28K,-10.74
F28L,-13.39
F28N,-10.89
F28Q,-13.24
F28T,-10.13
F28V,-9.72
F28Y,-13.14
F456V,-11.18
F490A,-10.88
F490K,-12.34
F490M,-10.93
F490N,-12.62
F490R,-15.58
F490Y,-15.02
G326C,-9.10
G326F,-10.68
G326H,-10.28
G326T,-13.95
G326W,-11.94
G326Y,-10.43
G354I,-14.57
G354K,-13.19
G354Q,-9.36
G354Y,-8.40
G446S,-14.26
G476L,-12.16
G476S,-6.65
G502A,-14.79
G502E,-8.18
G502F,-9.57
G502I,-10.99
G502K,-11.00
G502L,-11.24
G502M,-10.86
G502N,-14.62
G502V,-10.17
H34A,-13.49
H34F,-11.25
H34K,-11.81
H34P,-15.90
H34Q,-8.41
H34S,-14.53
H34V,-6.34
K31F,-16.42
K31M,-13.91
K31P,-12.60
K31W,-17.34
K31Y,-12.68
K353A,-12.66
K353D,-12.68
K353E,-7.98
K353G,-9.00
K353H,-6.37
K353R,-12.40
K353S,-6.26
K353V,-11.72
K353W,-7.52
K417G,-9.06
L455M,-8.89
L455P,-9.57
L45G,-12.78
L45I,-7.41
L45K,-8.71
L79F,-9.31
L79G,-10.74
L79I,-10.42
L79M,-10.14
L79P,-6.88
L79R,-10.62
L79T,-8.55
L79V,-13.28
L79W,-9.00
L79Y,-16.02
M82C,-8.40
M82G,-11.32
M82L,-14.35
M82P,-8.74
M82R,-10.86
N330D,-8.67
N330F,-11.41
N330H,-6.88
N330L,-8.36
N330Q,-13.90
N330R,-8.97
N330W,-7.38
N330Y,-10.91
N487D,-12.92
N487P,-10.44
N487Q,-8.53
N501C,-7.36
N501F,-12.15
N501Q,-9.99
N501S,-11.29
N501T,-15.74
N501V,-11.78
N501W,-12.70
N501Y,-6.68
Q24F,-8.53
Q24K,-11.73
Q24T,-10.65
Q24Y,-12.47
Q325G,-16.26
Q325H,-13.02
Q325P,-7.98
Q325S,-9.83
Q325T,-15.24
Q325Y,-8.76
Q42C,-12.96
Q42H,-10.37
Q42I,-11.74
Q42K,-14.63
Q42L,-16.83
Q42M,-9.19
Q42R,-14.48
Q42T,-9.58
Q42V,-13.55
Q42W,-10.33
Q493A,-10.09
Q493F,-12.94
Q493G,-10.27
Q493K,-12.50
Q493L,-12.79
Q493M,-13.62
Q493V,-12.84
Q493Y,-14.70
Q498F,-8.67
Q498H,-7.28
Q498P,-11.47
Q498W,-13.46
Q498Y,-10.69
R357A,-11.44
R357D,-14.25
R357E,-11.36
R357F,-13.63
R357G,-13.56
R357I,-9.27
R357N,-9.70
R357P,-8.79
R393A,-13.98
R393H,-9.15
R393K,-9.91
R393M,-12.01
R393S,-5.92
R403W,-8.93
S19F,-8.65
S19I,-10.42
S19L,-12.78
S19N,-15.84
S19P,-10.35
S19T,-15.32
S19V,-10.63
S19W,-17.36
S19Y,-10.48
S477D,-12.89
S477K,-9.30
S477N,-10.44
S477P,-7.86
S477W,-7.88
T27A,-14.65
T27C,-14.66
T27D,-12.64
T27F,-8.98
T27H,-7.67
T27K,-7.67
T27L,-12.49
T27M,-9.43
T27P,-8.97
T27R,-13.29
T27S,-12.76
T27W,-10.95
T27Y,-13.75
T324A,-9.69
T324E,-14.70
T324G,-14.87
T324P,-6.56
T324Q,-11.69
T324S,-10.08
T500L,-15.27
T500S,-11.68
V445K,-11.71
V445P,-12.95
V445Q,-7.15
V503I,-11.72
V503K,-13.68
V503L,-15.20
V503M,-15.57
V503R,-12.19
WT,-12.37
Y41A,-9.66
Y41I,-14.26
Y41M,-10.72
Y41R,-12.62
Y41W,-7.87
Y453D,-12.68
Y453E,-12.39
Y453F,-12.88
Y453K,-12.88
Y453P,-10.88
Y473D,-5.39
Y473K,-10.19
Y489A,-9.50
Y489E,-5.17
Y489F,-11.41
Y489S,-11.03
Y505C,-10.29
Y505D,-7.56
Y505G,-8.52
Y505M,-9.91
Y505P,-12.44
Y505W,-11.46
Y83C,-12.09
Y83D,-12.13
Y83E,-7.79
Y83L,-12.87
Y83Q,-8.10
Y83R,-5.20
Y83V,-9.12
