#case_id,exp_binding,protein,haddock-ddg,foldx-ddg,foldxwater-ddg,evoef1-ddg,mutabind2-ddg,ssipe-ddg,Mutation,BSA_Normalized,DDG_BSA_Normalized
A386C,-0.66,ACE2,2.93,0,0,-0.04,0.32,0.19,A386C,-0.07609717242,-0.002450527393
A386E,-0.86,ACE2,-1.27,0.16,0.2,0.05,0.25,0.22,A386E,-0.07524805816,-0.00160141313
A386I,1.65,ACE2,-3.25,-0.22,-0.26,-0.01,0.28,0.2,A386I,-0.07620089825,-0.002554253218
A386L,2.68,ACE2,-1.3,0.12,-0.39,-0.12,0.3,0.16,A386L,-0.0753733467,-0.001726701669
A386M,0.32,ACE2,-1.02,-0.06,-0.08,-0.12,0.2,0.16,A386M,-0.0728839217,0.0007627233283
A386Q,-1.59,ACE2,-3.86,0.01,-0.08,0.01,0.02,0.21,A386Q,-0.079400315,-0.005753669974
D30A,-1.59,ACE2,9.32,1.47,1.5,1.23,0.37,0.85,D30A,-0.0746755258,-0.001028880776
D30E,2.29,ACE2,1.6,0.01,0.7,0.25,-0.07,0.71,D30E,-0.07684213654,-0.00319549151
D30F,-3.07,ACE2,5.73,0.23,1.46,1.24,0.63,0.19,D30F,-0.07181380017,0.00183284486
D30I,1.62,ACE2,6.26,0,0.57,0.74,0.53,0.4,D30I,-0.07203993046,0.001606714563
D30N,-1.43,ACE2,13.2,-0.91,0.12,0.14,0.26,0.84,D30N,-0.07131070054,0.002335944484
D30P,-1.92,ACE2,9.51,-0.3,1.83,1.25,0.95,2.07,D30P,-0.07227198141,0.001374663621
D30T,0.54,ACE2,14.01,-0.67,0.3,0.72,0.38,0.26,D30T,-0.07161484791,0.002031797119
D30V,1.24,ACE2,8.82,-1.18,0.07,0.61,0.62,0.21,D30V,-0.07049240921,0.003154235814
D355I,-2.55,ACE2,8.36,1.92,1.71,0.52,2.77,0.47,D355I,-0.07396794375,-0.0003212987215
D355K,-3.01,ACE2,-1.15,1.39,1.11,0.85,2.31,1.34,D355K,-0.07974109392,-0.00609444889
D355M,-2.12,ACE2,1.94,1.23,1.03,0.78,1.62,0.3,D355M,-0.07650132885,-0.002854683821
D355P,-2.44,ACE2,-1.21,3.42,3.26,0.32,2.2,1.88,D355P,-0.07840741401,-0.004760768987
D38C,-2.35,ACE2,0.17,1.86,2.64,1.22,1.02,0.57,D38C,-0.07450804582,-0.0008614007948
D38G,-1.54,ACE2,4.76,1.66,1.11,1.36,0.81,0.9,D38G,-0.07475368955,-0.001107044524
D38R,-2.37,ACE2,-7.33,2.03,0.95,0.28,0.57,0.74,D38R,-0.07691051079,-0.003263865758
D38W,-2.41,ACE2,-12.42,2.79,0.52,0.56,0.69,-0.28,D38W,-0.08074894329,-0.007102298267
D38Y,-2.53,ACE2,-4.17,1,0.95,1.09,0.8,0.02,D38Y,-0.08090081326,-0.00725416823
E35A,0.59,ACE2,-4.94,-0.14,-0.21,-0.1,0.56,0.53,E35A,-0.0802360434,-0.006589398374
E35C,1.79,ACE2,-3.83,-0.16,-0.22,-0.14,0.59,0.23,E35C,-0.07880262751,-0.005155982479
E35D,1.41,ACE2,-0.27,0.03,0.06,-0.04,0.52,0.85,E35D,-0.07626134349,-0.002614698466
E35M,1.04,ACE2,-2.46,-0.11,-0.16,-0.13,0.17,-0.03,E35M,-0.07748845388,-0.003841808852
E35Q,0.32,ACE2,-3.42,-0.17,-0.26,-0.32,0.07,0.96,E35Q,-0.07942648193,-0.005779836903
E35V,1.74,ACE2,-4.45,-0.23,-0.3,-0.14,0.45,0.09,E35V,-0.08018562978,-0.006538984751
E37C,-2.86,ACE2,1.46,2.33,2.65,0.55,1.11,0.55,E37C,-0.07483266237,-0.001186017344
E37F,-2.58,ACE2,-0.87,1.99,2.79,0.59,0.92,0.18,E37F,-0.07667274172,-0.003026096695
E37G,-1.64,ACE2,2.65,2.54,2.4,0.62,1.16,0.85,E37G,-0.0748809669,-0.001234321875
E37I,-2.75,ACE2,0.16,1.87,2.16,0.5,0.85,0.53,E37I,-0.07741437369,-0.003767728663
E37K,-1.35,ACE2,3.01,1.06,2,-0.31,0.83,1.12,E37K,-0.07449748212,-0.0008508370938
E37L,-1.12,ACE2,-0.09,1.52,1.66,0.22,0.76,-0.3,E37L,-0.07524965366,-0.001603008631
E37M,-1.19,ACE2,-4.57,2.22,2.41,0.02,1.01,0.1,E37M,-0.07557410189,-0.001927456865
E37R,-1.95,ACE2,3.49,1.48,0.95,-0.6,0.79,0.62,E37R,-0.07595603634,-0.002309391317
E37T,-1.14,ACE2,4.7,2.15,1.64,0.52,0.92,0.4,E37T,-0.07481509162,-0.001168446594
E37V,-1.5,ACE2,-2.16,1.43,2.15,0.51,0.91,0.4,E37V,-0.07839526655,-0.004748621525
F28C,-1.93,ACE2,4.32,-0.18,-0.36,0.15,1.11,1.02,F28C,-0.07034023825,0.003306406775
F28E,-3.29,ACE2,2.5,-2.26,-2.63,0.16,2.62,1.63,F28E,-0.07329202466,0.0003546203664
F28G,-2.46,ACE2,0.25,-0.01,-0.12,0.15,1.3,1.3,F28G,-0.07520577791,-0.001559132886
F28K,-3.34,ACE2,2.32,-0.01,-0.18,0.15,1.28,1.71,F28K,-0.07475901705,-0.001112372024
F28L,-1.53,ACE2,-0.55,-0.41,-0.39,0.03,1.22,0.24,F28L,-0.07424996272,-0.0006033176933
F28N,-2.43,ACE2,0.91,-1.16,-1.38,-0.4,1.33,1.46,F28N,-0.0719483958,0.001698249227
F28Q,-2.36,ACE2,0.99,-0.16,-0.17,0.15,1.39,1.91,F28Q,-0.07959610199,-0.005949456959
F28T,-1.78,ACE2,5.2,-0.01,-0.12,0.56,1.54,1.03,F28T,-0.07604992513,-0.002403280102
F28V,-2.05,ACE2,1.74,-0.44,-0.13,0.17,1.22,0.89,F28V,-0.0773232348,-0.003676589769
F28Y,0.8,ACE2,-3.81,-0.03,-0.18,-0.22,0.99,0.51,F28Y,-0.07906105096,-0.005414405936
G326C,-2.89,ACE2,-2.11,-0.3,-0.32,-0.24,0.24,0.12,G326C,-0.07588001955,-0.002233374521
G326F,-2.49,ACE2,-17.94,4.63,4.67,1.81,1.43,0.88,G326F,-0.07855515634,-0.004908511314
G326H,-2.61,ACE2,-9.97,2.59,2.56,-0.28,0.54,0.18,G326H,-0.0806990116,-0.007052366578
G326T,-1.75,ACE2,-6,-0.31,-0.87,-0.45,-0.7,0.08,G326T,-0.07747311494,-0.003826469917
G326W,-2.1,ACE2,-16.99,6.17,0.5,1.55,1.58,0.88,G326W,-0.07815663388,-0.004509988856
G326Y,-1.97,ACE2,-10.49,4.19,4.03,5.02,1.35,2,G326Y,-0.07526576056,-0.001619115532
G354I,-2.5,ACE2,-6.64,1.97,1.87,-1.03,1.16,0.25,G354I,-0.07425862324,-0.0006119782149
G354K,-3.24,ACE2,-3.72,0.7,0.8,-0.67,-0.06,1.13,G354K,-0.0765081266,-0.002861481577
G354Q,-2.5,ACE2,-9.05,-0.04,-0.08,1.15,0.54,1.85,G354Q,-0.07508186015,-0.001435215118
G354Y,-1.75,ACE2,-12.63,0.89,1.08,-2.88,1.58,-0.84,G354Y,-0.07782422512,-0.004177580095
H34A,3.17,ACE2,6.28,0.57,0.43,0.35,0.91,0.92,H34A,-0.0754626191,-0.001815974077
H34F,-2.43,ACE2,-5.55,-1.52,-2.1,-0.74,0.62,-0.11,H34F,-0.07911460981,-0.005467964785
H34K,-1.86,ACE2,4.23,-0.6,0.37,-0.38,0.21,1.16,H34K,-0.07294195092,0.0007046941059
H34P,2.66,ACE2,6.89,0.42,1.83,0.05,0.93,2.03,H34P,-0.07316490996,0.0004817350708
H34Q,-1.6,ACE2,2.48,0.53,0.78,0.1,0.05,1.31,H34Q,-0.07470733718,-0.001060692153
H34S,1.69,ACE2,11.44,0.36,0.62,-0.43,0.68,1,H34S,-0.0722796253,0.001367019724
H34V,2.87,ACE2,3.67,0.35,0.67,-0.47,0.38,0.22,H34V,-0.07706315697,-0.003416511942
K31F,0.75,ACE2,-14.16,-1.27,-1.42,-0.04,0.59,-0.35,K31F,-0.08273519848,-0.009088553452
K31M,-0.43,ACE2,0.5,-1.34,-0.25,-0.72,0.5,-0.49,K31M,-0.07752236271,-0.003875717687
K31P,-2.73,ACE2,9.04,2.57,2.57,0.62,2.18,1.74,K31P,-0.07195198497,0.001694660057
K31W,2.56,ACE2,-21.15,-0.24,-0.61,0.1,0.99,-0.53,K31W,-0.08047274856,-0.006826103528
K31Y,1.85,ACE2,-12.35,-1.79,-2.54,-1.31,0.3,-0.88,K31Y,-0.0803359015,-0.006689256471
K353A,-2.66,ACE2,3.82,2.36,1.69,0.97,1.79,0.68,K353A,-0.07685361931,-0.003206974288
K353D,-2.44,ACE2,-1.59,2.22,2.39,1.06,1.6,1.03,K353D,-0.07707576617,-0.00342912114
K353E,-1.29,ACE2,-1.3,3.21,2.94,0.68,2.1,0.77,K353E,-0.07587590173,-0.002229256698
K353G,-2.52,ACE2,1.29,2.47,1.72,1.66,1.07,0.91,K353G,-0.07505707186,-0.001410426829
K353H,-2.57,ACE2,-7.75,3.41,3.24,0.26,0.96,0.46,K353H,-0.08067267986,-0.007026034837
K353R,-1.44,ACE2,0.19,2.49,-0.32,0.71,0.15,0.8,K353R,-0.07553548143,-0.001888836401
K353S,-2.53,ACE2,2.91,3,2.15,1.25,1.68,1.09,K353S,-0.07531339009,-0.001666745058
K353V,-2.52,ACE2,5.15,5.08,4.79,0.78,2.24,0.18,K353V,-0.0760358533,-0.00238920827
K353W,-2.72,ACE2,-12.99,1.75,1.45,1.2,1.41,-0.1,K353W,-0.08006554833,-0.006418903302
L45G,-2.48,ACE2,3.49,0.44,0.42,0.15,0.92,0.26,L45G,-0.07714741141,-0.003500766383
L45I,0.2,ACE2,-1.19,0.19,0.23,0.01,0.38,0.21,L45I,-0.07541661034,-0.001769965308
L45K,-2.14,ACE2,5.14,0.22,0,-1.19,0.67,-0.1,L45K,-0.07360723421,3.94E-05
L79F,2.68,ACE2,-4.53,-0.28,-0.46,-0.5,0.16,0.76,L79F,-0.0776712716,-0.004024626573
L79G,-0.87,ACE2,3.08,1.14,1.01,0.84,0.59,1.85,L79G,-0.07576361679,-0.002116971765
L79I,2.9,ACE2,2.74,0.17,0.16,0.58,0.27,1.48,L79I,-0.07499083251,-0.001344187487
L79M,1.03,ACE2,-0.18,-0.08,-0.09,-0.14,-0.19,0.96,L79M,-0.07496145899,-0.001314813962
L79P,1.86,ACE2,3.32,1.24,1.14,0.82,0.91,3.05,L79P,-0.0767419915,-0.003095346476
L79R,1.06,ACE2,-1.5,0.47,0.53,-0.86,-0.89,1.88,L79R,-0.07488261387,-0.001235968843
L79T,3.37,ACE2,2.78,0.67,0.31,0.67,0.27,1.38,L79T,-0.07477337178,-0.001126726753
L79V,3.18,ACE2,4.07,0.09,0.26,0.65,0.32,1.37,L79V,-0.07790166803,-0.004255023005
L79W,3.29,ACE2,-4.39,-0.47,-0.7,-1.4,0.24,0.23,L79W,-0.07716732344,-0.003520678412
L79Y,2.86,ACE2,-8.26,-0.01,-0.15,-0.49,-0.08,0.9,L79Y,-0.08114755323,-0.0075009082
M82C,1.97,ACE2,1.24,1.19,0.86,0.69,0.32,1.09,M82C,-0.07750422566,-0.003857580631
M82G,1.11,ACE2,3.69,1.58,1.03,1.1,0.76,1.64,M82G,-0.07584691144,-0.002200266415
M82L,0.27,ACE2,-0.91,0.23,0.38,-0.17,0.28,0.06,M82L,-0.07715317418,-0.003506529157
M82P,-1.39,ACE2,4.13,1.69,1.59,0.6,1.25,2.55,M82P,-0.07467478675,-0.001028141727
M82R,1.09,ACE2,3.98,0.46,-0.01,-0.29,-0.21,1.21,M82R,-0.07542782724,-0.001781182213
N330D,-0.99,ACE2,2.31,0.1,-0.21,-0.15,1.44,0.8,N330D,-0.07544051337,-0.001793868345
N330F,2.93,ACE2,-6.38,-1.28,-1.09,-0.81,0.41,-0.4,N330F,-0.07540813356,-0.001761488531
N330H,2.64,ACE2,1.48,-0.05,0.18,0.22,0.63,0.63,N330H,-0.07456948613,-0.0009228411007
N330L,2.18,ACE2,0.2,-0.76,-0.54,-1.04,0.61,-0.85,N330L,-0.0768584407,-0.00321179567
N330Q,1.27,ACE2,3.25,-0.27,-0.22,-0.5,0.68,0.86,N330Q,-0.07573816501,-0.002091519984
N330R,-1.59,ACE2,-0.3,-0.49,-0.26,-0.57,0.47,0.49,N330R,-0.07617310111,-0.002526456081
N330W,2.95,ACE2,-3.45,-1.14,-0.97,-1.45,0.54,-0.86,N330W,-0.07723484471,-0.003588199684
N330Y,3.08,ACE2,-2.99,-0.74,-0.54,0.86,0.4,0.09,N330Y,-0.07537843943,-0.001731794398
Q24F,-2.37,ACE2,-5.37,2.92,2.47,-0.7,1.17,-0.48,Q24F,-0.07712974306,-0.00348309803
Q24K,-1.59,ACE2,5.07,0.29,-0.62,-0.96,0.75,0.57,Q24K,-0.07444180408,-0.0007951590517
Q24T,1.57,ACE2,6.66,-0.39,-0.77,-0.7,0.65,-0.24,Q24T,-0.07400891181,-0.0003622667826
Q24Y,-3.38,ACE2,-2.75,2.69,2.49,2.41,1.41,0.49,Q24Y,-0.07812678871,-0.004480143685
Q325G,0.29,ACE2,2.39,-0.02,-0.14,-0.01,0.19,0.2,Q325G,-0.07623802877,-0.002591383741
Q325H,0.36,ACE2,2.67,0.01,0.01,-0.01,0.14,0.2,Q325H,-0.07526622203,-0.001619577003
Q325P,2.76,ACE2,0.75,-0.03,-0.03,-0.05,-0.32,0.18,Q325P,-0.07633501011,-0.002688365081
Q325S,-0.32,ACE2,1.47,-0.02,0,0.01,0.3,0.2,Q325S,-0.07457727261,-0.000930627581
Q325T,0.38,ACE2,0.66,-0.01,0.01,-0.01,0.11,0.2,Q325T,-0.07717515038,-0.003528505351
Q325Y,0.37,ACE2,2.09,-0.97,0.01,-0.35,0.21,0.08,Q325Y,-0.07507406486,-0.001427419828
Q42C,2.85,ACE2,2.82,-0.01,0.01,1.96,0.86,0.71,Q42C,-0.0754891476,-0.001842502571
Q42H,1.4,ACE2,-4.93,0.03,-0.73,2.04,0.57,1.04,Q42H,-0.07989324627,-0.006246601242
Q42I,1.71,ACE2,1.54,-0.15,-0.21,1.91,0.7,0.69,Q42I,-0.08016358904,-0.006516944017
Q42K,1.73,ACE2,-3.41,-0.05,0.02,0.66,0.91,1.12,Q42K,-0.07965069801,-0.006004052982
Q42L,2.74,ACE2,-0.53,0.01,-0.32,1.96,0.76,-0.03,Q42L,-0.07538401295,-0.001737367921
Q42M,2.48,ACE2,2.02,-0.03,-0.15,1.64,0.67,0.34,Q42M,-0.07741143016,-0.003764785135
Q42R,0.84,ACE2,0.07,0.07,-2,0.24,0.45,0.67,Q42R,-0.07777184555,-0.004125200526
Q42T,0.39,ACE2,7.66,-0.06,0.02,2.02,0.69,0.6,Q42T,-0.07450905192,-0.000862406888
Q42V,1.92,ACE2,3.37,-0.06,0.03,1.99,0.58,0.59,Q42V,-0.07544605503,-0.00179941
Q42W,-2.44,ACE2,-7.1,-0.22,0.01,0.77,0.7,0.08,Q42W,-0.0779511583,-0.004304513272
R357A,-2.41,ACE2,2.63,0.29,0.25,-0.21,1.83,0.59,R357A,-0.07647356992,-0.002826924889
R357D,-2.62,ACE2,4.49,0.8,0.54,-0.21,2.22,0.9,R357D,-0.07296732813,0.0006793168948
R357E,-2.42,ACE2,4.52,0.99,0.79,-0.14,1.8,0.77,R357E,-0.07453985662,-0.000893211596
R357F,-2.4,ACE2,0.82,0.84,1.15,-0.35,2.34,-0.12,R357F,-0.07607345159,-0.002426806559
R357G,-1.84,ACE2,3.39,0.32,0.34,-0.21,2.36,0.59,R357G,-0.07600050864,-0.002353863614
R357I,-2.48,ACE2,6.38,0.37,0.45,-0.21,1.88,0.31,R357I,-0.07493232673,-0.001285681701
R357N,-2.61,ACE2,3.88,0.41,0.54,-0.21,1.84,0.9,R357N,-0.07540714682,-0.001760501793
R357P,-2.44,ACE2,5.04,0.67,0.55,-0.21,2.05,1.8,R357P,-0.07507369207,-0.00142704704
R393A,0.95,ACE2,2.15,0.1,0.23,-0.08,1.04,0.74,R393A,-0.07399733675,-0.0003506917179
R393H,0.24,ACE2,0.68,0.41,0.13,-0.08,1.52,0.74,R393H,-0.07970548609,-0.00605884106
R393K,1.98,ACE2,-1.21,0.04,-0.02,-0.08,0.59,1.21,R393K,-0.07739751463,-0.003750869606
R393M,0.98,ACE2,2.62,0.02,-0.09,-0.08,0.88,0.19,R393M,-0.07582117758,-0.002174532555
R393S,-0.21,ACE2,0.38,0.02,0.46,-0.08,1.38,1.04,R393S,-0.07410705523,-0.000460410205
S19F,1.13,ACE2,-0.41,0.06,0.03,0,0.16,-0.13,S19F,-0.07774681211,-0.004100167084
S19I,0.77,ACE2,-2.34,0.04,0.02,0,0.2,0.26,S19I,-0.07830353317,-0.00465688814
S19L,-0.49,ACE2,1.58,0.04,0.04,0,0.17,-0.48,S19L,-0.07385249901,-0.0002058539865
S19N,-0.39,ACE2,3.59,0.07,0.04,0,0.09,0.85,S19N,-0.07432891348,-0.0006822684518
S19P,2.33,ACE2,-2.97,0.01,-0.02,0.01,0.19,1.75,S19P,-0.07508248614,-0.001435841114
S19T,0.72,ACE2,4.87,0,0,0,0.1,0.13,S19T,-0.0737117142,-6.51E-05
S19V,1.09,ACE2,-1.22,0.04,0.03,0,0.17,0.13,S19V,-0.07807039259,-0.004423747568
S19W,1.07,ACE2,-1.44,0.07,0.03,0,0.16,-0.36,S19W,-0.07801773162,-0.004371086593
S19Y,1.05,ACE2,-1.07,0.06,0.04,0,0.16,-0.25,S19Y,-0.07775275232,-0.004106107296
T27A,2.11,ACE2,6.42,0.85,1.05,1.01,0.52,1.51,T27A,-0.07595160987,-0.002304964845
T27C,2.42,ACE2,3.56,0.02,0.94,0.22,0.95,0.96,T27C,-0.07566134513,-0.0020147001
T27D,2.1,ACE2,0.69,-0.39,-0.52,1.02,0.73,1.84,T27D,-0.0778439252,-0.004197280171
T27F,2.29,ACE2,-11.56,-1.8,-1.68,-0.67,0.18,0.28,T27F,-0.08140122985,-0.00775458482
T27H,2.34,ACE2,-8.12,-0.23,0.45,-0.98,0.45,0.91,T27H,-0.08052707715,-0.006880432124
T27K,1.65,ACE2,0.74,0.24,0.25,-1.18,0.35,1.25,T27K,-0.07516347765,-0.001516832622
T27L,2.85,ACE2,0.7,-0.82,-0.61,-0.94,0.27,-0.2,T27L,-0.0766375429,-0.002990897869
T27M,2.55,ACE2,3.04,-1.32,-0.73,-0.55,0.21,0.42,T27M,-0.0752023285,-0.001555683473
T27P,0.51,ACE2,1.85,0.97,1.21,1.01,1.21,2.71,T27P,-0.07328016225,0.0003664827788
T27R,0.25,ACE2,-2.63,0.83,0.74,-0.64,0.66,1.15,T27R,-0.07480152793,-0.001154882899
T27S,0.77,ACE2,-2.67,0.6,1.53,1.16,0.59,1.88,T27S,-0.07819668369,-0.004550038664
T27W,2.11,ACE2,-16.64,-0.1,-0.1,-0.89,0.76,0.01,T27W,-0.08354336611,-0.009896721085
T27Y,2.7,ACE2,-6.54,-1.53,-1.51,-0.77,0.47,0.37,T27Y,-0.07627055291,-0.002623907885
T324A,1.4,ACE2,2.15,0.01,0.04,0,0.24,0,T324A,-0.07570096753,-0.002054322506
T324E,2.49,ACE2,-6.73,-0.34,-1.12,0.15,0.23,0.26,T324E,-0.07647327686,-0.002826631833
T324G,-0.79,ACE2,6.77,0.06,0.02,0,0.61,0,T324G,-0.07437585793,-0.000729212907
T324P,2.69,ACE2,1.48,0.01,-0.07,0,-0.85,0,T324P,-0.07870710767,-0.005060462647
T324Q,0.49,ACE2,-1.17,0.18,-0.81,0.74,0.24,0.47,T324Q,-0.07684785086,-0.003201205828
T324S,1.05,ACE2,2.37,0.01,0.22,0,0.06,0,T324S,-0.07732894607,-0.003682301047
Y41A,-1.78,ACE2,6.9,0.47,1.09,1.8,2.65,2.08,Y41A,-0.07275211033,0.0008945347005
Y41I,-3.52,ACE2,5.16,0.81,0.84,1.8,2.62,1.8,Y41I,-0.07702942581,-0.003382780786
Y41M,-1.75,ACE2,3.14,0.42,-0.02,1.71,1.76,1.51,Y41M,-0.0743497765,-0.0007031314684
Y41R,1.68,ACE2,2.38,2.25,0.81,0.98,2.35,2.02,Y41R,-0.07285829063,0.0007883543981
Y41W,-2.24,ACE2,0.65,2.07,0.6,0.83,1.87,0.87,Y41W,-0.07554106594,-0.001894420909
Y83C,0.41,ACE2,6.91,1.76,1.83,1.09,2.1,1.37,Y83C,-0.07470741953,-0.001060774504
Y83D,-1.93,ACE2,4.98,2.28,1.71,1.22,2.48,2.01,Y83D,-0.07156543742,0.00208120761
Y83E,-2.57,ACE2,10.04,2.04,1.65,1.2,2.49,1.83,Y83E,-0.07347005112,0.000176593909
Y83L,0.45,ACE2,1.44,1.67,1.32,0.73,1.4,0.51,Y83L,-0.07405064739,-0.000404002365
Y83Q,-2.35,ACE2,9.2,1.98,1.77,1.14,2.15,2.14,Y83Q,-0.07029674644,0.003349898588
Y83R,-1.7,ACE2,6.15,1.6,1.35,1.33,1.98,1.9,Y83R,-0.07325746936,0.0003891756707
Y83V,0.74,ACE2,7.27,1.75,1.83,1.07,2.09,1.23,Y83V,-0.07231943533,0.001327209702
E484K,0.06,RBD,3.92,-0.14,-0.16,-0.16,0.16,0.95,E484K,-0.07482085091,-0.001174205884
E484Q,0.03,RBD,2.86,-0.08,-0.12,-0.04,0.11,1,E484Q,-0.07320824376,0.0004384012661
E484R,0.15,RBD,1.62,-0.17,-0.2,0.12,0.13,0.74,E484R,-0.07626006713,-0.002613422105
E484S,-0.02,RBD,2.13,-0.09,-0.12,-0.19,-0.02,0.78,E484S,-0.07573734221,-0.002090697185
E484T,0.05,RBD,4.06,-0.08,-0.1,-0.19,0.04,0.05,E484T,-0.07380993616,-0.0001632911359
F456V,-0.61,RBD,5.1,2.09,2.01,1.58,1.19,1.38,F456V,-0.07283043232,0.0008162127094
F490A,0.03,RBD,-0.57,0.01,0,0.01,0.34,0.21,F490A,-0.07681623557,-0.003169590539
F490K,0.09,RBD,0.61,-0.01,-0.04,0,-0.02,0,F490K,-0.07513081563,-0.001484170604
F490M,-0.03,RBD,-2.56,0.01,0,0,0.09,0,F490M,-0.08012779535,-0.006481150325
F490N,0.02,RBD,-1.32,0.01,0,0.03,0.37,0.21,F490N,-0.07747404992,-0.003827404893
F490R,0.01,RBD,-4.96,-0.15,-0.12,0.27,0.27,0.3,F490R,-0.07852381681,-0.004877171784
F490Y,0.06,RBD,-0.34,0,0,0,0.03,0,F490Y,-0.07801868876,-0.00437204373
G446S,-0.2,RBD,-4.64,-0.11,-0.43,0.05,-0.18,0.99,G446S,-0.07677927101,-0.003132625983
G476L,-2.51,RBD,-2.88,1.44,0.91,-0.03,1.1,-0.36,G476L,-0.07635814837,-0.002711503343
G476S,-0.02,RBD,0.79,1.06,0.6,0.01,0.58,0.98,G476S,-0.07245177236,0.001194872671
G502A,-2.8,RBD,-2.68,2.28,2.27,0.82,1.42,1.18,G502A,-0.0772973529,-0.003650707874
G502E,-4.67,RBD,-6.96,3.31,3.29,1.29,1.34,1.51,G502E,-0.07350978528,0.0001368597429
G502F,-4.8,RBD,-26.17,2.15,2.29,-0.57,1.05,0.04,G502F,-0.08251890501,-0.008872259987
G502I,-4.66,RBD,-2.73,3.42,3.4,1.07,0.76,0.98,G502I,-0.06966038543,0.003986259598
G502K,-4.16,RBD,-9.05,2.57,2.58,2.59,0.97,2.3,G502K,-0.07412443402,-0.000477788989
G502L,-4.8,RBD,-4.64,1.98,1.93,-0.18,0.98,-0.2,G502L,-0.07609858967,-0.002451944645
G502M,-4.8,RBD,-6.36,1.98,2.27,-0.8,1.2,0.07,G502M,-0.07742204332,-0.003775398288
G502N,-4.38,RBD,-1.27,2.64,2.48,1.18,1.09,1.67,G502N,-0.07467041251,-0.001023767478
G502V,-4.8,RBD,-6.64,3.39,3.36,0.75,1.01,0.73,G502V,-0.07698339941,-0.003336754385
K417G,-0.51,RBD,8.95,0.92,1.15,1.32,0.64,0.61,K417G,-0.07132036967,0.002326275362
L455M,0.05,RBD,3.9,0.19,0.03,-0.59,0.2,0.84,L455M,-0.07220424421,0.001442400817
L455P,-0.95,RBD,-6.63,2.16,2.3,0.95,2.47,3.14,L455P,-0.07929652054,-0.005649875516
N487D,-1.08,RBD,-3.98,-0.11,-0.89,0.05,1.22,0.61,N487D,-0.07574435489,-0.002097709865
N487P,-2.64,RBD,5.25,2.19,2.12,-0.49,1.83,1.39,N487P,-0.07282713215,0.0008195128817
N487Q,-2.09,RBD,1.54,1.89,1.08,-0.19,1.39,0.76,N487Q,-0.07543067806,-0.001784033032
N501C,-0.58,RBD,-7.22,-0.11,-0.48,-0.01,-0.13,0.1,N501C,-0.08031254818,-0.006665903152
N501F,0.29,RBD,-3.89,5.58,6.88,0.11,0.63,-0.26,N501F,-0.07989001244,-0.00624336741
N501Q,-0.06,RBD,-0.56,0.25,-0.3,-0.49,0.87,0.78,N501Q,-0.07562737961,-0.001980734585
N501S,-0.13,RBD,-6.11,0.21,0.4,0.41,-0.4,0.93,N501S,-0.08023269128,-0.006586046252
N501T,0.1,RBD,1.18,-1.17,-1.93,0.01,-0.61,-0.16,N501T,-0.07668920699,-0.003042561959
N501V,0.15,RBD,-3.01,-0.91,-1.34,0.01,-0.15,-0.03,N501V,-0.07924958583,-0.005602940804
N501W,0.11,RBD,-18.15,4.05,2.8,-0.01,1.48,-0.85,N501W,-0.08098669706,-0.007340052035
N501Y,0.24,RBD,1.9,3.03,6.28,0.32,0.65,-0.17,N501Y,-0.07733188779,-0.003685242765
Q493A,0.13,RBD,6.13,0.24,0.24,0.75,0.54,0.44,Q493A,-0.07624212461,-0.002595479584
Q493F,0.06,RBD,-8.64,-1.33,-1.4,-0.44,-0.05,-0.63,Q493F,-0.08157203839,-0.007925393359
Q493G,0.01,RBD,5.74,0.36,0.38,0.77,0.98,0.45,Q493G,-0.07442722339,-0.0007805783657
Q493K,0.05,RBD,-10.77,-0.41,-0.31,-0.73,0.12,0.47,Q493K,-0.0830401392,-0.009393494176
Q493L,0.05,RBD,-0.25,-0.89,-0.38,0.06,0.02,-0.84,Q493L,-0.07444237227,-0.0007957272412
Q493M,0.18,RBD,2.27,-1.08,-0.96,-1.06,-0.02,-0.74,Q493M,-0.07541910155,-0.001772456521
Q493V,0.05,RBD,-0.59,0.59,0.57,0.54,0.41,-0.05,Q493V,-0.07720504364,-0.003558398616
Q493Y,0.12,RBD,0.74,-1.54,-2.1,-1.3,-0.07,-0.99,Q493Y,-0.07677152345,-0.003124878418
Q498F,0.15,RBD,-7.18,-0.79,-1.56,-0.67,-1.65,-0.63,Q498F,-0.07804017011,-0.004393525078
Q498H,0.3,RBD,-5.97,-0.67,-0.36,-0.42,0.32,0.13,Q498H,-0.07883446204,-0.00518781701
Q498P,-3.14,RBD,2.41,-0.27,-0.23,-0.15,0.92,1.42,Q498P,-0.07318925101,0.0004573940207
Q498W,0.07,RBD,-9.42,-1.35,-3.48,0.04,0.55,-0.62,Q498W,-0.07930233039,-0.005655685367
Q498Y,0.16,RBD,-9.4,-1.61,-2.58,-0.64,-1.84,-0.86,Q498Y,-0.08111745121,-0.007470806183
R403W,-2.82,RBD,-4.2,-0.38,0.24,-0.18,0.68,0.14,R403W,-0.08068251053,-0.007035865504
S477D,0.09,RBD,1.34,-0.08,-0.1,0.2,0.2,0.28,S477D,-0.07633942777,-0.002692782742
S477K,0.03,RBD,-0.88,0.03,0.03,0.32,0.18,0.32,S477K,-0.07747588459,-0.003829239561
S477N,0.06,RBD,1.61,0.04,0.04,0,-0.11,0,S477N,-0.0762396218,-0.002592976775
S477P,0.06,RBD,-3.39,0,0,0.06,-0.2,0.23,S477P,-0.0780537635,-0.004407118471
S477W,0.02,RBD,-8.41,0.12,0.11,-0.19,0.16,0.14,S477W,-0.07935530609,-0.005708661059
T500L,-1.52,RBD,-8.07,-0.4,-0.65,1.24,0.47,0.59,T500L,-0.07726833933,-0.003621694299
T500S,-0.32,RBD,-1.21,0.21,0.11,1.62,0.39,2.06,T500S,-0.07490526772,-0.001258622697
V445K,0.02,RBD,-1.54,-0.27,-0.45,-0.09,-0.3,0.17,V445K,-0.07724281016,-0.003596165133
V445P,0.03,RBD,-12.87,0.04,0.05,0.03,-0.03,0.21,V445P,-0.08075835807,-0.00711171304
V445Q,-0.04,RBD,-0.29,-0.24,-0.27,0.14,0.09,0.25,V445Q,-0.07593721354,-0.002290568514
V503I,0.05,RBD,-4.52,-0.08,-0.08,-0.11,0.07,0.26,V503I,-0.07674413192,-0.00309748689
V503K,0.1,RBD,-5.96,-0.68,-0.77,-1.45,0.12,-0.09,V503K,-0.08084588069,-0.007199235662
V503L,0.03,RBD,-2.04,-0.13,0.02,-0.04,0.07,0.28,V503L,-0.0757230651,-0.002076420077
V503M,0.1,RBD,-5.31,-0.01,-0.02,-0.4,0.08,0.15,V503M,-0.07368938993,-4.27E-05
V503R,0.01,RBD,-1.09,-0.24,-1.13,-1.19,0.11,-0.01,V503R,-0.07751847851,-0.003871833478
Y453D,-3.49,RBD,-2.31,0.07,0.06,-0.09,1.23,1.74,Y453D,-0.07804880654,-0.004402161509
Y453E,-1.18,RBD,-1.8,-0.05,-0.08,-0.04,1.43,1.6,Y453E,-0.07606118367,-0.002414538644
Y453F,0.25,RBD,0.99,-0.41,-0.31,-0.36,-0.19,0.68,Y453F,-0.07912356688,-0.005476921852
Y453K,0.08,RBD,-4.07,0.52,0.45,-0.5,0.73,1.87,Y453K,-0.08172737871,-0.008080733682
Y453P,-4.8,RBD,-5.9,0.12,0.14,-0.05,0.78,2.65,Y453P,-0.07873937826,-0.005092733233
Y473D,-2.72,RBD,-0.65,0.41,0.28,0.2,0.9,1.75,Y473D,-0.07380819819,-0.0001615531595
Y473K,-2.59,RBD,-6.76,0.26,0.01,0.1,0.45,1.88,Y473K,-0.07728181893,-0.003635173901
Y489A,-2.46,RBD,17.21,1.86,1.7,1.64,2.23,2.02,Y489A,-0.07013146601,0.003515179021
Y489E,-3.98,RBD,6.06,2.88,1.64,1.75,2,2.21,Y489E,-0.07438825035,-0.0007416053197
Y489F,-0.95,RBD,-5.79,-0.35,-0.58,0.38,0.28,0.93,Y489F,-0.07482139107,-0.001174746042
Y489S,-4.8,RBD,12.42,1.23,1.32,1.78,1.89,2.37,Y489S,-0.06964612931,0.00400051572
Y505C,-2.36,RBD,4.93,2.88,3.48,2.48,0.8,2.2,Y505C,-0.07503716307,-0.001390518047
Y505D,-3.07,RBD,4.03,3.29,3.81,3.08,2.05,2.78,Y505D,-0.0823022904,-0.008655645373
Y505G,-4.65,RBD,3.51,3.45,3.43,3.14,1.11,2.67,Y505G,-0.07813557529,-0.004488930263
Y505M,-2.32,RBD,5.45,2.52,2.54,1.53,0.93,1.38,Y505M,-0.07275395307,0.0008926919594
Y505P,-4.09,RBD,10.26,3.43,3.58,2.73,1.47,3.75,Y505P,-0.07702207027,-0.003375425243
Y505W,0.13,RBD,-5.56,0.7,-0.05,1.27,0.5,1.05,Y505W,-0.08056933323,-0.006922688198